{
  "training_date": "2026-02-17 12:17:02",
  "training_samples": 111,
  "test_samples": 28,
  "n_features": 81,
  "reactions_model": {
    "type": "XGBoost",
    "parameters": {
      "learning_rate": 0.05,
      "max_depth": 5,
      "n_estimators": 100,
      "subsample": 0.8
    },
    "mae": 54.590752601623535,
    "rmse": 244.00166475326827,
    "r2": 0.9137990088297779,
    "mape": 67.2382188670533
  },
  "comments_model": {
    "type": "XGBoost",
    "parameters": {
      "learning_rate": 0.1,
      "max_depth": 5,
      "n_estimators": 200,
      "subsample": 1.0
    },
    "mae": 9.081204659530028,
    "rmse": 22.179150296608864,
    "r2": 0.9264248525959118,
    "mape": 7.472199472438128e+16
  }
}