{
  "saved_at": "2026-03-07 02:46:38",
  "model_type": "HistGradientBoostingRegressor + RandomForestRegressor (RF+)",
  "target_transform": "log1p (log(1+y)); predictions back-transformed with expm1",
  "reactions": {
    "file": "hgbr_reactions.pkl",
    "params": {
      "loss": "absolute_error",
      "learning_rate": 0.05,
      "max_iter": 500,
      "max_depth": 6,
      "min_samples_leaf": 20,
      "l2_regularization": 0.1
    },
    "n_features": 84,
    "feature_names_file": "feature_names_reactions.json",
    "loo_stats_file": "loo_stats_reactions.json",
    "test_metrics": {
      "log_mae": 0.5128758986434153,
      "log_r2": 0.8284273626784875,
      "mae": 23.657604114923842,
      "rmse": 60.28004370453148,
      "r2": 0.827781914444793,
      "smape": 57.699598102073814,
      "medae": 5.410150831646552,
      "spearman_rho": 0.8419274286783968,
      "spearman_p": 5.4371059976087895e-18
    }
  },
  "comments": {
    "file": "hgbr_comments.pkl",
    "params": {
      "loss": "absolute_error",
      "learning_rate": 0.05,
      "max_iter": 500,
      "max_depth": 6,
      "min_samples_leaf": 20,
      "l2_regularization": 0.1
    },
    "n_features": 86,
    "feature_names_file": "feature_names_comments.json",
    "loo_stats_file": "loo_stats_comments.json",
    "test_metrics": {
      "log_mae": 0.5056721863582411,
      "log_r2": 0.7697206075087586,
      "mae": 5.496841426780268,
      "rmse": 15.534544184539767,
      "r2": 0.7491254660250464,
      "smape": 121.82966952682943,
      "medae": 0.9039657993950948,
      "spearman_rho": 0.6997637491422634,
      "spearman_p": 8.835089727989311e-11
    }
  },
  "rf_plus_reactions": {
    "file": "rf_plus_reactions.pkl",
    "params": {
      "n_estimators": 800,
      "max_depth": 6,
      "min_samples_leaf": 10,
      "max_features": 0.5,
      "criterion": "absolute_error",
      "oob_score": true
    },
    "n_features": 84,
    "feature_names_file": "feature_names_reactions.json",
    "loo_stats_file": "loo_stats_reactions.json",
    "oob_r2": 0.7458612551495822,
    "test_metrics": {
      "log_mae": 0.5133997414952673,
      "log_r2": 0.8412498551668584,
      "mae": 25.598549051564156,
      "rmse": 62.154051577289486,
      "r2": 0.8169075113489501,
      "smape": 57.56865189384841,
      "medae": 5.242750888508078,
      "spearman_rho": 0.8530518942894838,
      "spearman_p": 6.967055051079241e-19
    }
  },
  "rf_plus_comments": {
    "file": "rf_plus_comments.pkl",
    "params": {
      "n_estimators": 800,
      "max_depth": 6,
      "min_samples_leaf": 10,
      "max_features": 0.5,
      "criterion": "absolute_error",
      "oob_score": true
    },
    "n_features": 86,
    "feature_names_file": "feature_names_comments.json",
    "loo_stats_file": "loo_stats_comments.json",
    "oob_r2": 0.727968983015702,
    "test_metrics": {
      "log_mae": 0.4947559909528368,
      "log_r2": 0.7988820013677838,
      "mae": 5.8766150241255986,
      "rmse": 18.104797581177333,
      "r2": 0.6592413440678058,
      "smape": 131.3381700834463,
      "medae": 0.794699426460314,
      "spearman_rho": 0.7153453195730404,
      "spearman_p": 2.1526254794905293e-11
    }
  }
}