{
  "initial_rows": 143,
  "final_rows": 139,
  "rows_removed": 4,
  "removal_percentage": 2.797202797202797,
  "duplicates_removed": 0,
  "missing_content": 0,
  "content_length_outliers_removed": 4,
  "quality_issues_fixed": 0,
  "content_length_stats": {
    "min": 66.0,
    "max": 23527.0,
    "mean": 4011.769230769231,
    "median": 1960.0,
    "std": 4102.1563630183855,
    "1st_percentile": 84.42,
    "99th_percentile": 15759.920000000004,
    "too_short_removed": 2,
    "too_long_removed": 2,
    "total_removed": 4
  },
  "outlier_stats": {
    "reactions": {
      "min": 1.0,
      "max": 7068.0,
      "mean": 464.978417266187,
      "median": 47.0,
      "99th_percentile": 6819.580000000002,
      "outliers_count": 2.0,
      "outliers_pct": 1.4388489208633095
    },
    "comments": {
      "min": 0.0,
      "max": 599.0,
      "mean": 38.97841726618705,
      "median": 3.0,
      "99th_percentile": 562.1000000000003,
      "outliers_count": 2.0,
      "outliers_pct": 1.4388489208633095
    },
    "followers": {
      "min": 360.0,
      "max": 1174021.0,
      "mean": 178004.6330935252,
      "median": 17014.0,
      "99th_percentile": 1174021.0,
      "outliers_count": 0.0,
      "outliers_pct": 0.0
    }
  }
}