{
  "tier_boundaries": {
    "micro": [
      0,
      5000
    ],
    "small": [
      5000,
      20000
    ],
    "medium": [
      20000,
      100000
    ],
    "large": [
      100000,
      500000
    ],
    "macro": [
      500000,
      Infinity
    ]
  },
  "tier_medians": {
    "large": 71.92021276595744,
    "macro": 254.9551390568319,
    "medium": 24.920332936979783,
    "micro": 10.63076923076923,
    "small": 14.89587852494577
  },
  "transformation_date": "2026-02-13"
}