{
  "total_posts": 31996,
  "url_stats": {
    "posts_with_urls": 6385,
    "pct_with_urls": 19.955619452431552,
    "total_urls": 6830,
    "avg_urls_when_present": 1.0696945967110416
  },
  "mention_stats": {
    "posts_with_mentions": 930,
    "pct_with_mentions": 2.906613326665833,
    "total_mentions": 1219,
    "avg_mentions_when_present": 1.310752688172043
  },
  "emoji_stats": {
    "posts_with_emojis": 2203,
    "pct_with_emojis": 6.885235654456808,
    "total_emojis": 10794,
    "avg_emojis_when_present": 4.899682251475261
  },
  "hashtag_stats": {
    "posts_with_hashtags": 16300,
    "pct_with_hashtags": 50.94386798349794,
    "total_hashtags": 78706,
    "avg_hashtags_when_present": 4.8285889570552145
  },
  "text_length_stats": {
    "avg_char_original": 327.7994124265533,
    "avg_char_clean": 311.03225403175395,
    "avg_reduction_pct": 5.115066641114319,
    "avg_word_count_clean": 51.38523565445681,
    "avg_sentence_count": 4.384266783347918
  }
}