{
  "total_posts": 606,
  "url_stats": {
    "posts_with_urls": 139,
    "pct_with_urls": 22.937293729372936,
    "total_urls": 270,
    "avg_urls_when_present": 1.9424460431654675
  },
  "mention_stats": {
    "posts_with_mentions": 29,
    "pct_with_mentions": 4.785478547854786,
    "total_mentions": 58,
    "avg_mentions_when_present": 2.0
  },
  "emoji_stats": {
    "posts_with_emojis": 232,
    "pct_with_emojis": 38.28382838283829,
    "total_emojis": 5271,
    "avg_emojis_when_present": 22.719827586206897
  },
  "hashtag_stats": {
    "posts_with_hashtags": 238,
    "pct_with_hashtags": 39.273927392739274,
    "total_hashtags": 1454,
    "avg_hashtags_when_present": 6.109243697478991
  },
  "text_length_stats": {
    "avg_char_original": 1803.7112211221122,
    "avg_char_clean": 1763.6386138613861,
    "avg_reduction_pct": 2.2216753320299487,
    "avg_word_count_clean": 282.3267326732673,
    "avg_sentence_count": 19.673267326732674
  }
}