{
  "total_posts": 139,
  "url_stats": {
    "posts_with_urls": 38,
    "pct_with_urls": 27.33812949640288,
    "total_urls": 91,
    "avg_urls_when_present": 2.3947368421052633
  },
  "mention_stats": {
    "posts_with_mentions": 10,
    "pct_with_mentions": 7.194244604316546,
    "total_mentions": 18,
    "avg_mentions_when_present": 1.8
  },
  "emoji_stats": {
    "posts_with_emojis": 56,
    "pct_with_emojis": 40.28776978417266,
    "total_emojis": 1062,
    "avg_emojis_when_present": 18.964285714285715
  },
  "hashtag_stats": {
    "posts_with_hashtags": 39,
    "pct_with_hashtags": 28.05755395683453,
    "total_hashtags": 217,
    "avg_hashtags_when_present": 5.564102564102564
  },
  "text_length_stats": {
    "avg_char_original": 3842.517985611511,
    "avg_char_clean": 3761.26618705036,
    "avg_reduction_pct": 2.1145456928348128,
    "avg_word_count_clean": 580.8489208633093,
    "avg_sentence_count": 39.97122302158273
  }
}