{
  "total_posts": 772,
  "url_stats": {
    "posts_with_urls": 211,
    "pct_with_urls": 27.33160621761658,
    "total_urls": 446,
    "avg_urls_when_present": 2.1137440758293837
  },
  "mention_stats": {
    "posts_with_mentions": 34,
    "pct_with_mentions": 4.404145077720207,
    "total_mentions": 65,
    "avg_mentions_when_present": 1.911764705882353
  },
  "emoji_stats": {
    "posts_with_emojis": 298,
    "pct_with_emojis": 38.60103626943005,
    "total_emojis": 6199,
    "avg_emojis_when_present": 20.802013422818792
  },
  "hashtag_stats": {
    "posts_with_hashtags": 281,
    "pct_with_hashtags": 36.39896373056995,
    "total_hashtags": 1567,
    "avg_hashtags_when_present": 5.576512455516014
  },
  "text_length_stats": {
    "avg_char_original": 1967.2422279792745,
    "avg_char_clean": 1922.0440414507773,
    "avg_reduction_pct": 2.2975404800518184,
    "avg_word_count_clean": 310.79663212435236,
    "avg_sentence_count": 21.71113989637306
  }
}